"filename", "language", "JSON", "JSON with Comments", "TypeScript", "TypeScript JSX", "PostCSS", "Python", "HTML", "JavaScript", "Markdown", "XML", "comment", "blank", "total"
"c:\Users\HP\Downloads\NO-EXCUSE\Dashboard\Current Build\.prettierrc.json", "JSON", 11, 0, 0, 0, 0, 0, 0, 0, 0, 0, 0, 1, 12
"c:\Users\HP\Downloads\NO-EXCUSE\Dashboard\Current Build\README.md", "Markdown", 0, 0, 0, 0, 0, 0, 0, 0, 133, 0, 0, 24, 157
"c:\Users\HP\Downloads\NO-EXCUSE\Dashboard\Current Build\build_project.py", "Python", 0, 0, 0, 0, 0, 516, 0, 0, 0, 0, 21, 88, 625
"c:\Users\HP\Downloads\NO-EXCUSE\Dashboard\Current Build\eslint.config.js", "JavaScript", 0, 0, 0, 0, 0, 0, 0, 31, 0, 0, 0, 2, 33
"c:\Users\HP\Downloads\NO-EXCUSE\Dashboard\Current Build\index.html", "HTML", 0, 0, 0, 0, 0, 0, 18, 0, 0, 0, 0, 1, 19
"c:\Users\HP\Downloads\NO-EXCUSE\Dashboard\Current Build\package-lock.json", "JSON", 6906, 0, 0, 0, 0, 0, 0, 0, 0, 0, 0, 1, 6907
"c:\Users\HP\Downloads\NO-EXCUSE\Dashboard\Current Build\package.json", "JSON", 53, 0, 0, 0, 0, 0, 0, 0, 0, 0, 0, 1, 54
"c:\Users\HP\Downloads\NO-EXCUSE\Dashboard\Current Build\postcss.config.js", "JavaScript", 0, 0, 0, 0, 0, 0, 0, 6, 0, 0, 0, 1, 7
"c:\Users\HP\Downloads\NO-EXCUSE\Dashboard\Current Build\public\favicon.svg", "XML", 0, 0, 0, 0, 0, 0, 0, 0, 0, 4, 0, 1, 5
"c:\Users\HP\Downloads\NO-EXCUSE\Dashboard\Current Build\src\App.tsx", "TypeScript JSX", 0, 0, 0, 31, 0, 0, 0, 0, 0, 0, 0, 3, 34
"c:\Users\HP\Downloads\NO-EXCUSE\Dashboard\Current Build\src\assets\images\logo.svg", "XML", 0, 0, 0, 0, 0, 0, 0, 0, 0, 5, 0, 1, 6
"c:\Users\HP\Downloads\NO-EXCUSE\Dashboard\Current Build\src\charts\AreaChart.tsx", "TypeScript JSX", 0, 0, 0, 32, 0, 0, 0, 0, 0, 0, 0, 2, 34
"c:\Users\HP\Downloads\NO-EXCUSE\Dashboard\Current Build\src\charts\ChartCard.tsx", "TypeScript JSX", 0, 0, 0, 24, 0, 0, 0, 0, 0, 0, 0, 1, 25
"c:\Users\HP\Downloads\NO-EXCUSE\Dashboard\Current Build\src\charts\ChartContainer.tsx", "TypeScript JSX", 0, 0, 0, 7, 0, 0, 0, 0, 0, 0, 0, 1, 8
"c:\Users\HP\Downloads\NO-EXCUSE\Dashboard\Current Build\src\charts\ChartHeader.tsx", "TypeScript JSX", 0, 0, 0, 10, 0, 0, 0, 0, 0, 0, 0, 1, 11
"c:\Users\HP\Downloads\NO-EXCUSE\Dashboard\Current Build\src\charts\ChartLegend.tsx", "TypeScript JSX", 0, 0, 0, 12, 0, 0, 0, 0, 0, 0, 0, 1, 13
"c:\Users\HP\Downloads\NO-EXCUSE\Dashboard\Current Build\src\charts\GaugeChart.tsx", "TypeScript JSX", 0, 0, 0, 28, 0, 0, 0, 0, 0, 0, 0, 2, 30
"c:\Users\HP\Downloads\NO-EXCUSE\Dashboard\Current Build\src\charts\LineChart.tsx", "TypeScript JSX", 0, 0, 0, 32, 0, 0, 0, 0, 0, 0, 0, 2, 34
"c:\Users\HP\Downloads\NO-EXCUSE\Dashboard\Current Build\src\components\Layout\AppLayout.tsx", "TypeScript JSX", 0, 0, 0, 37, 0, 0, 0, 0, 0, 0, 0, 5, 42
"c:\Users\HP\Downloads\NO-EXCUSE\Dashboard\Current Build\src\components\Layout\Navbar.tsx", "TypeScript JSX", 0, 0, 0, 232, 0, 0, 0, 0, 0, 0, 0, 13, 245
"c:\Users\HP\Downloads\NO-EXCUSE\Dashboard\Current Build\src\components\Layout\Sidebar.tsx", "TypeScript JSX", 0, 0, 0, 202, 0, 0, 0, 0, 0, 0, 3, 15, 220
"c:\Users\HP\Downloads\NO-EXCUSE\Dashboard\Current Build\src\components\analytics\HistoricalChart.tsx", "TypeScript JSX", 0, 0, 0, 2, 0, 0, 0, 0, 0, 0, 0, 0, 2
"c:\Users\HP\Downloads\NO-EXCUSE\Dashboard\Current Build\src\components\analytics\OptimizedTelemetryChart.tsx", "TypeScript JSX", 0, 0, 0, 83, 0, 0, 0, 0, 0, 0, 0, 7, 90
"c:\Users\HP\Downloads\NO-EXCUSE\Dashboard\Current Build\src\components\analytics\RealtimeChartWrapper.tsx", "TypeScript JSX", 0, 0, 0, 63, 0, 0, 0, 0, 0, 0, 0, 5, 68
"c:\Users\HP\Downloads\NO-EXCUSE\Dashboard\Current Build\src\components\analytics\ReportsPanel.tsx", "TypeScript JSX", 0, 0, 0, 2, 0, 0, 0, 0, 0, 0, 0, 0, 2
"c:\Users\HP\Downloads\NO-EXCUSE\Dashboard\Current Build\src\components\auth\ProtectedRoute.tsx", "TypeScript JSX", 0, 0, 0, 2, 0, 0, 0, 0, 0, 0, 0, 0, 2
"c:\Users\HP\Downloads\NO-EXCUSE\Dashboard\Current Build\src\components\common\ErrorBoundary.tsx", "TypeScript JSX", 0, 0, 0, 57, 0, 0, 0, 0, 0, 0, 0, 10, 67
"c:\Users\HP\Downloads\NO-EXCUSE\Dashboard\Current Build\src\components\common\LoadingScreen.tsx", "TypeScript JSX", 0, 0, 0, 35, 0, 0, 0, 0, 0, 0, 0, 5, 40
"c:\Users\HP\Downloads\NO-EXCUSE\Dashboard\Current Build\src\components\common\ProtectedRoute.tsx", "TypeScript JSX", 0, 0, 0, 19, 0, 0, 0, 0, 0, 0, 0, 6, 25
"c:\Users\HP\Downloads\NO-EXCUSE\Dashboard\Current Build\src\components\dashboard\AlarmCard.tsx", "TypeScript JSX", 0, 0, 0, 37, 0, 0, 0, 0, 0, 0, 0, 3, 40
"c:\Users\HP\Downloads\NO-EXCUSE\Dashboard\Current Build\src\components\dashboard\BatteryCard.tsx", "TypeScript JSX", 0, 0, 0, 19, 0, 0, 0, 0, 0, 0, 0, 2, 21
"c:\Users\HP\Downloads\NO-EXCUSE\Dashboard\Current Build\src\components\dashboard\ConnectionCard.tsx", "TypeScript JSX", 0, 0, 0, 23, 0, 0, 0, 0, 0, 0, 0, 2, 25
"c:\Users\HP\Downloads\NO-EXCUSE\Dashboard\Current Build\src\components\dashboard\DashboardGrid.tsx", "TypeScript JSX", 0, 0, 0, 18, 0, 0, 0, 0, 0, 0, 0, 3, 21
"c:\Users\HP\Downloads\NO-EXCUSE\Dashboard\Current Build\src\components\dashboard\DeviceStatusPanel.tsx", "TypeScript JSX", 0, 0, 0, 110, 0, 0, 0, 0, 0, 0, 0, 9, 119
"c:\Users\HP\Downloads\NO-EXCUSE\Dashboard\Current Build\src\components\dashboard\GasCard.tsx", "TypeScript JSX", 0, 0, 0, 24, 0, 0, 0, 0, 0, 0, 0, 2, 26
"c:\Users\HP\Downloads\NO-EXCUSE\Dashboard\Current Build\src\components\dashboard\HeartRateCard.tsx", "TypeScript JSX", 0, 0, 0, 25, 0, 0, 0, 0, 0, 0, 1, 4, 30
"c:\Users\HP\Downloads\NO-EXCUSE\Dashboard\Current Build\src\components\dashboard\MemoizedAnalyticsLayout.tsx", "TypeScript JSX", 0, 0, 0, 34, 0, 0, 0, 0, 0, 0, 0, 3, 37
"c:\Users\HP\Downloads\NO-EXCUSE\Dashboard\Current Build\src\components\dashboard\QuickActionsPanel.tsx", "TypeScript JSX", 0, 0, 0, 70, 0, 0, 0, 0, 0, 0, 0, 5, 75
"c:\Users\HP\Downloads\NO-EXCUSE\Dashboard\Current Build\src\components\dashboard\RecentEventsPanel.tsx", "TypeScript JSX", 0, 0, 0, 103, 0, 0, 0, 0, 0, 0, 0, 7, 110
"c:\Users\HP\Downloads\NO-EXCUSE\Dashboard\Current Build\src\components\dashboard\SpO2Card.tsx", "TypeScript JSX", 0, 0, 0, 24, 0, 0, 0, 0, 0, 0, 0, 2, 26
"c:\Users\HP\Downloads\NO-EXCUSE\Dashboard\Current Build\src\components\dashboard\StepsCard.tsx", "TypeScript JSX", 0, 0, 0, 24, 0, 0, 0, 0, 0, 0, 0, 2, 26
"c:\Users\HP\Downloads\NO-EXCUSE\Dashboard\Current Build\src\components\dashboard\StreamOrchestrator.tsx", "TypeScript JSX", 0, 0, 0, 2, 0, 0, 0, 0, 0, 0, 0, 0, 2
"c:\Users\HP\Downloads\NO-EXCUSE\Dashboard\Current Build\src\components\dashboard\SystemStatusCard.tsx", "TypeScript JSX", 0, 0, 0, 111, 0, 0, 0, 0, 0, 0, 0, 10, 121
"c:\Users\HP\Downloads\NO-EXCUSE\Dashboard\Current Build\src\components\dashboard\TelemetryGrid.tsx", "TypeScript JSX", 0, 0, 0, 34, 0, 0, 0, 0, 0, 0, 0, 5, 39
"c:\Users\HP\Downloads\NO-EXCUSE\Dashboard\Current Build\src\components\dashboard\TemperatureCard.tsx", "TypeScript JSX", 0, 0, 0, 19, 0, 0, 0, 0, 0, 0, 0, 2, 21
"c:\Users\HP\Downloads\NO-EXCUSE\Dashboard\Current Build\src\components\dashboard\VitalCard.tsx", "TypeScript JSX", 0, 0, 0, 95, 0, 0, 0, 0, 0, 0, 0, 9, 104
"c:\Users\HP\Downloads\NO-EXCUSE\Dashboard\Current Build\src\components\dashboard\index.ts", "TypeScript", 0, 0, 14, 0, 0, 0, 0, 0, 0, 0, 0, 1, 15
"c:\Users\HP\Downloads\NO-EXCUSE\Dashboard\Current Build\src\components\profile\UserProfilePanel.tsx", "TypeScript JSX", 0, 0, 0, 2, 0, 0, 0, 0, 0, 0, 0, 0, 2
"c:\Users\HP\Downloads\NO-EXCUSE\Dashboard\Current Build\src\components\shared\ErrorBoundary.tsx", "TypeScript JSX", 0, 0, 0, 19, 0, 0, 0, 0, 0, 0, 0, 1, 20
"c:\Users\HP\Downloads\NO-EXCUSE\Dashboard\Current Build\src\components\shared\ToastContainer.tsx", "TypeScript JSX", 0, 0, 0, 29, 0, 0, 0, 0, 0, 0, 0, 3, 32
"c:\Users\HP\Downloads\NO-EXCUSE\Dashboard\Current Build\src\components\ui\Badge.tsx", "TypeScript JSX", 0, 0, 0, 47, 0, 0, 0, 0, 0, 0, 0, 6, 53
"c:\Users\HP\Downloads\NO-EXCUSE\Dashboard\Current Build\src\components\ui\Button.tsx", "TypeScript JSX", 0, 0, 0, 69, 0, 0, 0, 0, 0, 0, 0, 6, 75
"c:\Users\HP\Downloads\NO-EXCUSE\Dashboard\Current Build\src\components\ui\Card.tsx", "TypeScript JSX", 0, 0, 0, 44, 0, 0, 0, 0, 0, 0, 0, 6, 50
"c:\Users\HP\Downloads\NO-EXCUSE\Dashboard\Current Build\src\components\ui\Container.tsx", "TypeScript JSX", 0, 0, 0, 21, 0, 0, 0, 0, 0, 0, 0, 5, 26
"c:\Users\HP\Downloads\NO-EXCUSE\Dashboard\Current Build\src\components\ui\Drawer.tsx", "TypeScript JSX", 0, 0, 0, 102, 0, 0, 0, 0, 0, 0, 0, 13, 115
"c:\Users\HP\Downloads\NO-EXCUSE\Dashboard\Current Build\src\components\ui\Dropdown.tsx", "TypeScript JSX", 0, 0, 0, 80, 0, 0, 0, 0, 0, 0, 0, 11, 91
"c:\Users\HP\Downloads\NO-EXCUSE\Dashboard\Current Build\src\components\ui\EmptyState.tsx", "TypeScript JSX", 0, 0, 0, 35, 0, 0, 0, 0, 0, 0, 0, 3, 38
"c:\Users\HP\Downloads\NO-EXCUSE\Dashboard\Current Build\src\components\ui\IconButton.tsx", "TypeScript JSX", 0, 0, 0, 49, 0, 0, 0, 0, 0, 0, 0, 6, 55
"c:\Users\HP\Downloads\NO-EXCUSE\Dashboard\Current Build\src\components\ui\Modal.tsx", "TypeScript JSX", 0, 0, 0, 106, 0, 0, 0, 0, 0, 0, 0, 13, 119
"c:\Users\HP\Downloads\NO-EXCUSE\Dashboard\Current Build\src\components\ui\PageHeader.tsx", "TypeScript JSX", 0, 0, 0, 33, 0, 0, 0, 0, 0, 0, 0, 4, 37
"c:\Users\HP\Downloads\NO-EXCUSE\Dashboard\Current Build\src\components\ui\ProductionErrorBoundary.tsx", "TypeScript JSX", 0, 0, 0, 31, 0, 0, 0, 0, 0, 0, 0, 5, 36
"c:\Users\HP\Downloads\NO-EXCUSE\Dashboard\Current Build\src\components\ui\SectionHeader.tsx", "TypeScript JSX", 0, 0, 0, 35, 0, 0, 0, 0, 0, 0, 0, 4, 39
"c:\Users\HP\Downloads\NO-EXCUSE\Dashboard\Current Build\src\components\ui\Skeleton.tsx", "TypeScript JSX", 0, 0, 0, 42, 0, 0, 0, 0, 0, 0, 0, 6, 48
"c:\Users\HP\Downloads\NO-EXCUSE\Dashboard\Current Build\src\components\ui\SkeletonCard.tsx", "TypeScript JSX", 0, 0, 0, 2, 0, 0, 0, 0, 0, 0, 0, 0, 2
"c:\Users\HP\Downloads\NO-EXCUSE\Dashboard\Current Build\src\components\ui\Spinner.tsx", "TypeScript JSX", 0, 0, 0, 31, 0, 0, 0, 0, 0, 0, 0, 5, 36
"c:\Users\HP\Downloads\NO-EXCUSE\Dashboard\Current Build\src\components\ui\StatusBadge.tsx", "TypeScript JSX", 0, 0, 0, 71, 0, 0, 0, 0, 0, 0, 0, 6, 77
"c:\Users\HP\Downloads\NO-EXCUSE\Dashboard\Current Build\src\components\ui\Tooltip.tsx", "TypeScript JSX", 0, 0, 0, 55, 0, 0, 0, 0, 0, 0, 0, 7, 62
"c:\Users\HP\Downloads\NO-EXCUSE\Dashboard\Current Build\src\components\ui\index.ts", "TypeScript", 0, 0, 15, 0, 0, 0, 0, 0, 0, 0, 0, 1, 16
"c:\Users\HP\Downloads\NO-EXCUSE\Dashboard\Current Build\src\config\chart.config.ts", "TypeScript", 0, 0, 72, 0, 0, 0, 0, 0, 0, 0, 0, 3, 75
"c:\Users\HP\Downloads\NO-EXCUSE\Dashboard\Current Build\src\constants\app.constants.ts", "TypeScript", 0, 0, 28, 0, 0, 0, 0, 0, 0, 0, 0, 6, 34
"c:\Users\HP\Downloads\NO-EXCUSE\Dashboard\Current Build\src\constants\routes.constants.ts", "TypeScript", 0, 0, 15, 0, 0, 0, 0, 0, 0, 0, 0, 4, 19
"c:\Users\HP\Downloads\NO-EXCUSE\Dashboard\Current Build\src\context\AuthContext.tsx", "TypeScript JSX", 0, 0, 0, 7, 0, 0, 0, 0, 0, 0, 0, 0, 7
"c:\Users\HP\Downloads\NO-EXCUSE\Dashboard\Current Build\src\context\ChartBufferRegistryContext.tsx", "TypeScript JSX", 0, 0, 0, 4, 0, 0, 0, 0, 0, 0, 0, 0, 4
"c:\Users\HP\Downloads\NO-EXCUSE\Dashboard\Current Build\src\context\GlobalContext.tsx", "TypeScript JSX", 0, 0, 0, 53, 0, 0, 0, 0, 0, 0, 7, 10, 70
"c:\Users\HP\Downloads\NO-EXCUSE\Dashboard\Current Build\src\context\HealthProfileContext.tsx", "TypeScript JSX", 0, 0, 0, 47, 0, 0, 0, 0, 0, 0, 4, 10, 61
"c:\Users\HP\Downloads\NO-EXCUSE\Dashboard\Current Build\src\context\ThemeContext.tsx", "TypeScript JSX", 0, 0, 0, 58, 0, 0, 0, 0, 0, 0, 0, 14, 72
"c:\Users\HP\Downloads\NO-EXCUSE\Dashboard\Current Build\src\data\mockDashboardData.ts", "TypeScript", 0, 0, 167, 0, 0, 0, 0, 0, 0, 0, 0, 12, 179
"c:\Users\HP\Downloads\NO-EXCUSE\Dashboard\Current Build\src\engine\ChartBuffer.ts", "TypeScript", 0, 0, 17, 0, 0, 0, 0, 0, 0, 0, 0, 2, 19
"c:\Users\HP\Downloads\NO-EXCUSE\Dashboard\Current Build\src\engine\DataWindow.ts", "TypeScript", 0, 0, 12, 0, 0, 0, 0, 0, 0, 0, 0, 3, 15
"c:\Users\HP\Downloads\NO-EXCUSE\Dashboard\Current Build\src\engine\LiveChartEngine.ts", "TypeScript", 0, 0, 30, 0, 0, 0, 0, 0, 0, 0, 0, 1, 31
"c:\Users\HP\Downloads\NO-EXCUSE\Dashboard\Current Build\src\hooks\useAuth.ts", "TypeScript", 0, 0, 36, 0, 0, 0, 0, 0, 0, 0, 0, 7, 43
"c:\Users\HP\Downloads\NO-EXCUSE\Dashboard\Current Build\src\hooks\useClickOutside.ts", "TypeScript", 0, 0, 24, 0, 0, 0, 0, 0, 0, 0, 0, 6, 30
"c:\Users\HP\Downloads\NO-EXCUSE\Dashboard\Current Build\src\hooks\useGasChart.ts", "TypeScript", 0, 0, 22, 0, 0, 0, 0, 0, 0, 0, 0, 3, 25
"c:\Users\HP\Downloads\NO-EXCUSE\Dashboard\Current Build\src\hooks\useGlobalContext.ts", "TypeScript", 0, 0, 9, 0, 0, 0, 0, 0, 0, 0, 0, 3, 12
"c:\Users\HP\Downloads\NO-EXCUSE\Dashboard\Current Build\src\hooks\useHealthProfile.ts", "TypeScript", 0, 0, 25, 0, 0, 0, 0, 0, 0, 0, 4, 9, 38
"c:\Users\HP\Downloads\NO-EXCUSE\Dashboard\Current Build\src\hooks\useHeartRateChart.ts", "TypeScript", 0, 0, 26, 0, 0, 0, 0, 0, 0, 0, 0, 4, 30
"c:\Users\HP\Downloads\NO-EXCUSE\Dashboard\Current Build\src\hooks\useHistoricalData.ts", "TypeScript", 0, 0, 1, 0, 0, 0, 0, 0, 0, 0, 0, 0, 1
"c:\Users\HP\Downloads\NO-EXCUSE\Dashboard\Current Build\src\hooks\useLiveVitals.ts", "TypeScript", 0, 0, 27, 0, 0, 0, 0, 0, 0, 0, 1, 5, 33
"c:\Users\HP\Downloads\NO-EXCUSE\Dashboard\Current Build\src\hooks\useMediaQuery.ts", "TypeScript", 0, 0, 15, 0, 0, 0, 0, 0, 0, 0, 0, 6, 21
"c:\Users\HP\Downloads\NO-EXCUSE\Dashboard\Current Build\src\hooks\useOptimizedChartStream.ts", "TypeScript", 0, 0, 42, 0, 0, 0, 0, 0, 0, 0, 5, 9, 56
"c:\Users\HP\Downloads\NO-EXCUSE\Dashboard\Current Build\src\hooks\useRealtimeChartController.ts", "TypeScript", 0, 0, 1, 0, 0, 0, 0, 0, 0, 0, 0, 0, 1
"c:\Users\HP\Downloads\NO-EXCUSE\Dashboard\Current Build\src\hooks\useSpO2Chart.ts", "TypeScript", 0, 0, 26, 0, 0, 0, 0, 0, 0, 0, 0, 4, 30
"c:\Users\HP\Downloads\NO-EXCUSE\Dashboard\Current Build\src\hooks\useStepsChart.ts", "TypeScript", 0, 0, 22, 0, 0, 0, 0, 0, 0, 0, 0, 3, 25
"c:\Users\HP\Downloads\NO-EXCUSE\Dashboard\Current Build\src\hooks\useTheme.ts", "TypeScript", 0, 0, 10, 0, 0, 0, 0, 0, 0, 0, 0, 4, 14
"c:\Users\HP\Downloads\NO-EXCUSE\Dashboard\Current Build\src\index.css", "PostCSS", 0, 0, 0, 0, 43, 0, 0, 0, 0, 0, 0, 11, 54
"c:\Users\HP\Downloads\NO-EXCUSE\Dashboard\Current Build\src\intelligence\activity\classifiers\activityClassifier.ts", "TypeScript", 0, 0, 26, 0, 0, 0, 0, 0, 0, 0, 7, 4, 37
"c:\Users\HP\Downloads\NO-EXCUSE\Dashboard\Current Build\src\intelligence\activity\config\activityConfig.ts", "TypeScript", 0, 0, 36, 0, 0, 0, 0, 0, 0, 0, 0, 2, 38
"c:\Users\HP\Downloads\NO-EXCUSE\Dashboard\Current Build\src\intelligence\activity\engine\activityEngine.ts", "TypeScript", 0, 0, 33, 0, 0, 0, 0, 0, 0, 0, 15, 9, 57
"c:\Users\HP\Downloads\NO-EXCUSE\Dashboard\Current Build\src\intelligence\activity\engine\activityStabilizer.ts", "TypeScript", 0, 0, 46, 0, 0, 0, 0, 0, 0, 0, 14, 11, 71
"c:\Users\HP\Downloads\NO-EXCUSE\Dashboard\Current Build\src\intelligence\activity\features\motionFeatures.ts", "TypeScript", 0, 0, 28, 0, 0, 0, 0, 0, 0, 0, 5, 5, 38
"c:\Users\HP\Downloads\NO-EXCUSE\Dashboard\Current Build\src\intelligence\activity\posture\postureDetection.ts", "TypeScript", 0, 0, 17, 0, 0, 0, 0, 0, 0, 0, 7, 4, 28
"c:\Users\HP\Downloads\NO-EXCUSE\Dashboard\Current Build\src\intelligence\activity\tests\activityEngine.test.ts", "TypeScript", 0, 0, 90, 0, 0, 0, 0, 0, 0, 0, 9, 16, 115
"c:\Users\HP\Downloads\NO-EXCUSE\Dashboard\Current Build\src\intelligence\activity\types\activity.ts", "TypeScript", 0, 0, 31, 0, 0, 0, 0, 0, 0, 0, 3, 5, 39
"c:\Users\HP\Downloads\NO-EXCUSE\Dashboard\Current Build\src\intelligence\aiExperience\components\AIIntegratedWorkspaceHub.tsx", "TypeScript JSX", 0, 0, 0, 96, 0, 0, 0, 0, 0, 0, 8, 12, 116
"c:\Users\HP\Downloads\NO-EXCUSE\Dashboard\Current Build\src\intelligence\aiExperience\components\AIProviderSelectionPanel.tsx", "TypeScript JSX", 0, 0, 0, 108, 0, 0, 0, 0, 0, 0, 4, 7, 119
"c:\Users\HP\Downloads\NO-EXCUSE\Dashboard\Current Build\src\intelligence\aiExperience\components\AISummaryViewer.tsx", "TypeScript JSX", 0, 0, 0, 168, 0, 0, 0, 0, 0, 0, 9, 10, 187
"c:\Users\HP\Downloads\NO-EXCUSE\Dashboard\Current Build\src\intelligence\aiExperience\components\AIWorkspaceLayout.tsx", "TypeScript JSX", 0, 0, 0, 110, 0, 0, 0, 0, 0, 0, 7, 5, 122
"c:\Users\HP\Downloads\NO-EXCUSE\Dashboard\Current Build\src\intelligence\aiExperience\components\PromptPreviewPanel.tsx", "TypeScript JSX", 0, 0, 0, 133, 0, 0, 0, 0, 0, 0, 6, 6, 145
"c:\Users\HP\Downloads\NO-EXCUSE\Dashboard\Current Build\src\intelligence\aiExperience\components\RecommendationExplainabilityPanel.tsx", "TypeScript JSX", 0, 0, 0, 151, 0, 0, 0, 0, 0, 0, 9, 14, 174
"c:\Users\HP\Downloads\NO-EXCUSE\Dashboard\Current Build\src\intelligence\aiExperience\components\healthAnalyticsDashboard.tsx", "TypeScript JSX", 0, 0, 0, 85, 0, 0, 0, 0, 0, 0, 9, 11, 105
"c:\Users\HP\Downloads\NO-EXCUSE\Dashboard\Current Build\src\intelligence\aiExperience\controllers\workspaceViewController.ts", "TypeScript", 0, 0, 63, 0, 0, 0, 0, 0, 0, 0, 5, 10, 78
"c:\Users\HP\Downloads\NO-EXCUSE\Dashboard\Current Build\src\intelligence\aiExperience\tests\aiExperience.test.ts", "TypeScript", 0, 0, 48, 0, 0, 0, 0, 0, 0, 0, 2, 7, 57
"c:\Users\HP\Downloads\NO-EXCUSE\Dashboard\Current Build\src\intelligence\aiExperience\types\aiExperience.ts", "TypeScript", 0, 0, 17, 0, 0, 0, 0, 0, 0, 0, 3, 4, 24
"c:\Users\HP\Downloads\NO-EXCUSE\Dashboard\Current Build\src\intelligence\aiIntegration\components\AIIntegrationModal.tsx", "TypeScript JSX", 0, 0, 0, 157, 0, 0, 0, 0, 0, 0, 4, 6, 167
"c:\Users\HP\Downloads\NO-EXCUSE\Dashboard\Current Build\src\intelligence\aiIntegration\config\aiProviderConfig.ts", "TypeScript", 0, 0, 18, 0, 0, 0, 0, 0, 0, 0, 0, 1, 19
"c:\Users\HP\Downloads\NO-EXCUSE\Dashboard\Current Build\src\intelligence\aiIntegration\engine\aiIntegratorHooks.ts", "TypeScript", 0, 0, 53, 0, 0, 0, 0, 0, 0, 0, 11, 10, 74
"c:\Users\HP\Downloads\NO-EXCUSE\Dashboard\Current Build\src\intelligence\aiIntegration\engine\clientInteractionService.ts", "TypeScript", 0, 0, 44, 0, 0, 0, 0, 0, 0, 0, 13, 11, 68
"c:\Users\HP\Downloads\NO-EXCUSE\Dashboard\Current Build\src\intelligence\aiIntegration\engine\contextBuilder.ts", "TypeScript", 0, 0, 21, 0, 0, 0, 0, 0, 0, 0, 11, 4, 36
"c:\Users\HP\Downloads\NO-EXCUSE\Dashboard\Current Build\src\intelligence\aiIntegration\engine\promptBuilder.ts", "TypeScript", 0, 0, 53, 0, 0, 0, 0, 0, 0, 0, 12, 7, 72
"c:\Users\HP\Downloads\NO-EXCUSE\Dashboard\Current Build\src\intelligence\aiIntegration\engine\providerRegistry.ts", "TypeScript", 0, 0, 22, 0, 0, 0, 0, 0, 0, 0, 13, 5, 40
"c:\Users\HP\Downloads\NO-EXCUSE\Dashboard\Current Build\src\intelligence\aiIntegration\tests\aiIntegration.test.ts", "TypeScript", 0, 0, 73, 0, 0, 0, 0, 0, 0, 0, 2, 15, 90
"c:\Users\HP\Downloads\NO-EXCUSE\Dashboard\Current Build\src\intelligence\aiIntegration\types\aiIntegration.ts", "TypeScript", 0, 0, 14, 0, 0, 0, 0, 0, 0, 0, 3, 4, 21
"c:\Users\HP\Downloads\NO-EXCUSE\Dashboard\Current Build\src\intelligence\alerts\config\alertConfig.ts", "TypeScript", 0, 0, 21, 0, 0, 0, 0, 0, 0, 0, 0, 2, 23
"c:\Users\HP\Downloads\NO-EXCUSE\Dashboard\Current Build\src\intelligence\alerts\engine\alertDecisionEngine.ts", "TypeScript", 0, 0, 69, 0, 0, 0, 0, 0, 0, 0, 18, 13, 100
"c:\Users\HP\Downloads\NO-EXCUSE\Dashboard\Current Build\src\intelligence\alerts\engine\alertOutputBuilder.ts", "TypeScript", 0, 0, 25, 0, 0, 0, 0, 0, 0, 0, 5, 1, 31
"c:\Users\HP\Downloads\NO-EXCUSE\Dashboard\Current Build\src\intelligence\alerts\engine\alertRuleEngine.ts", "TypeScript", 0, 0, 48, 0, 0, 0, 0, 0, 0, 0, 10, 8, 66
"c:\Users\HP\Downloads\NO-EXCUSE\Dashboard\Current Build\src\intelligence\alerts\engine\cooldownTracker.ts", "TypeScript", 0, 0, 23, 0, 0, 0, 0, 0, 0, 0, 13, 6, 42
"c:\Users\HP\Downloads\NO-EXCUSE\Dashboard\Current Build\src\intelligence\alerts\engine\escalationEngine.ts", "TypeScript", 0, 0, 49, 0, 0, 0, 0, 0, 0, 0, 13, 10, 72
"c:\Users\HP\Downloads\NO-EXCUSE\Dashboard\Current Build\src\intelligence\alerts\engine\priorityEngine.ts", "TypeScript", 0, 0, 29, 0, 0, 0, 0, 0, 0, 0, 9, 6, 44
"c:\Users\HP\Downloads\NO-EXCUSE\Dashboard\Current Build\src\intelligence\alerts\tests\alertDecisionEngine.test.ts", "TypeScript", 0, 0, 64, 0, 0, 0, 0, 0, 0, 0, 3, 11, 78
"c:\Users\HP\Downloads\NO-EXCUSE\Dashboard\Current Build\src\intelligence\alerts\types\alerts.ts", "TypeScript", 0, 0, 26, 0, 0, 0, 0, 0, 0, 0, 3, 4, 33
"c:\Users\HP\Downloads\NO-EXCUSE\Dashboard\Current Build\src\intelligence\classifiers\healthClassifier.ts", "TypeScript", 0, 0, 14, 0, 0, 0, 0, 0, 0, 0, 3, 1, 18
"c:\Users\HP\Downloads\NO-EXCUSE\Dashboard\Current Build\src\intelligence\config\engineConfig.ts", "TypeScript", 0, 0, 50, 0, 0, 0, 0, 0, 0, 0, 5, 3, 58
"c:\Users\HP\Downloads\NO-EXCUSE\Dashboard\Current Build\src\intelligence\engine\telemetryEngine.ts", "TypeScript", 0, 0, 42, 0, 0, 0, 0, 0, 0, 0, 13, 12, 67
"c:\Users\HP\Downloads\NO-EXCUSE\Dashboard\Current Build\src\intelligence\pipeline\mockEngines.ts", "TypeScript", 0, 0, 78, 0, 0, 0, 0, 0, 0, 0, 4, 10, 92
"c:\Users\HP\Downloads\NO-EXCUSE\Dashboard\Current Build\src\intelligence\pipeline\pipelineFreezeManifest.ts", "TypeScript", 0, 0, 8, 0, 0, 0, 0, 0, 0, 0, 4, 1, 13
"c:\Users\HP\Downloads\NO-EXCUSE\Dashboard\Current Build\src\intelligence\pipeline\pipelineOrchestrator.ts", "TypeScript", 0, 0, 130, 0, 0, 0, 0, 0, 0, 0, 20, 24, 174
"c:\Users\HP\Downloads\NO-EXCUSE\Dashboard\Current Build\src\intelligence\pipeline\pipelineTypes.ts", "TypeScript", 0, 0, 61, 0, 0, 0, 0, 0, 0, 0, 4, 2, 67
"c:\Users\HP\Downloads\NO-EXCUSE\Dashboard\Current Build\src\intelligence\pipeline\tests\pipelineIntegration.test.ts", "TypeScript", 0, 0, 45, 0, 0, 0, 0, 0, 0, 0, 7, 12, 64
"c:\Users\HP\Downloads\NO-EXCUSE\Dashboard\Current Build\src\intelligence\productionHardening\audit\cleanupPlan.ts", "TypeScript", 0, 0, 31, 0, 0, 0, 0, 0, 0, 0, 4, 5, 40
"c:\Users\HP\Downloads\NO-EXCUSE\Dashboard\Current Build\src\intelligence\productionHardening\config\dependencyAudit.ts", "TypeScript", 0, 0, 57, 0, 0, 0, 0, 0, 0, 0, 7, 5, 69
"c:\Users\HP\Downloads\NO-EXCUSE\Dashboard\Current Build\src\intelligence\productionHardening\docs\DEPLOYMENT_GUIDE.md", "Markdown", 0, 0, 0, 0, 0, 0, 0, 0, 11, 0, 0, 3, 14
"c:\Users\HP\Downloads\NO-EXCUSE\Dashboard\Current Build\src\intelligence\productionHardening\docs\DEVELOPER_GUIDE.md", "Markdown", 0, 0, 0, 0, 0, 0, 0, 0, 11, 0, 0, 4, 15
"c:\Users\HP\Downloads\NO-EXCUSE\Dashboard\Current Build\src\intelligence\productionHardening\errorHandling\systemErrorLoggers.ts", "TypeScript", 0, 0, 59, 0, 0, 0, 0, 0, 0, 0, 15, 12, 86
"c:\Users\HP\Downloads\NO-EXCUSE\Dashboard\Current Build\src\intelligence\productionHardening\freeze\productionChecklist.ts", "TypeScript", 0, 0, 36, 0, 0, 0, 0, 0, 0, 0, 7, 5, 48
"c:\Users\HP\Downloads\NO-EXCUSE\Dashboard\Current Build\src\intelligence\productionHardening\memory\subscriptionTracker.ts", "TypeScript", 0, 0, 48, 0, 0, 0, 0, 0, 0, 0, 18, 7, 73
"c:\Users\HP\Downloads\NO-EXCUSE\Dashboard\Current Build\src\intelligence\productionHardening\optimization\memoizationManager.ts", "TypeScript", 0, 0, 43, 0, 0, 0, 0, 0, 0, 0, 17, 9, 69
"c:\Users\HP\Downloads\NO-EXCUSE\Dashboard\Current Build\src\intelligence\productionHardening\tests\productionHardening.test.ts", "TypeScript", 0, 0, 62, 0, 0, 0, 0, 0, 0, 0, 4, 13, 79
"c:\Users\HP\Downloads\NO-EXCUSE\Dashboard\Current Build\src\intelligence\productionHardening\validation\dataValidationEngine.ts", "TypeScript", 0, 0, 49, 0, 0, 0, 0, 0, 0, 0, 11, 10, 70
"c:\Users\HP\Downloads\NO-EXCUSE\Dashboard\Current Build\src\intelligence\recommendations\config\recommendationConfig.ts", "TypeScript", 0, 0, 21, 0, 0, 0, 0, 0, 0, 0, 0, 2, 23
"c:\Users\HP\Downloads\NO-EXCUSE\Dashboard\Current Build\src\intelligence\recommendations\engine\conflictResolution.ts", "TypeScript", 0, 0, 28, 0, 0, 0, 0, 0, 0, 0, 9, 6, 43
"c:\Users\HP\Downloads\NO-EXCUSE\Dashboard\Current Build\src\intelligence\recommendations\engine\rankingEngine.ts", "TypeScript", 0, 0, 15, 0, 0, 0, 0, 0, 0, 0, 5, 3, 23
"c:\Users\HP\Downloads\NO-EXCUSE\Dashboard\Current Build\src\intelligence\recommendations\engine\recCooldownTracker.ts", "TypeScript", 0, 0, 22, 0, 0, 0, 0, 0, 0, 0, 13, 6, 41
"c:\Users\HP\Downloads\NO-EXCUSE\Dashboard\Current Build\src\intelligence\recommendations\engine\recGenerationEngine.ts", "TypeScript", 0, 0, 68, 0, 0, 0, 0, 0, 0, 0, 12, 9, 89
"c:\Users\HP\Downloads\NO-EXCUSE\Dashboard\Current Build\src\intelligence\recommendations\engine\recOutputBuilder.ts", "TypeScript", 0, 0, 16, 0, 0, 0, 0, 0, 0, 0, 5, 3, 24
"c:\Users\HP\Downloads\NO-EXCUSE\Dashboard\Current Build\src\intelligence\recommendations\engine\recommendationEngine.ts", "TypeScript", 0, 0, 43, 0, 0, 0, 0, 0, 0, 0, 17, 10, 70
"c:\Users\HP\Downloads\NO-EXCUSE\Dashboard\Current Build\src\intelligence\recommendations\tests\recommendationEngine.test.ts", "TypeScript", 0, 0, 72, 0, 0, 0, 0, 0, 0, 0, 3, 13, 88
"c:\Users\HP\Downloads\NO-EXCUSE\Dashboard\Current Build\src\intelligence\recommendations\types\recommendations.ts", "TypeScript", 0, 0, 24, 0, 0, 0, 0, 0, 0, 0, 3, 4, 31
"c:\Users\HP\Downloads\NO-EXCUSE\Dashboard\Current Build\src\intelligence\reports\config\reportConfig.ts", "TypeScript", 0, 0, 13, 0, 0, 0, 0, 0, 0, 0, 0, 1, 14
"c:\Users\HP\Downloads\NO-EXCUSE\Dashboard\Current Build\src\intelligence\reports\engine\healthScoreAggregator.ts", "TypeScript", 0, 0, 46, 0, 0, 0, 0, 0, 0, 0, 10, 9, 65
"c:\Users\HP\Downloads\NO-EXCUSE\Dashboard\Current Build\src\intelligence\reports\engine\historicalMetricsAggregator.ts", "TypeScript", 0, 0, 35, 0, 0, 0, 0, 0, 0, 0, 4, 7, 46
"c:\Users\HP\Downloads\NO-EXCUSE\Dashboard\Current Build\src\intelligence\reports\engine\monthlyReportBuilder.ts", "TypeScript", 0, 0, 83, 0, 0, 0, 0, 0, 0, 0, 6, 15, 104
"c:\Users\HP\Downloads\NO-EXCUSE\Dashboard\Current Build\src\intelligence\reports\engine\reportEngine.ts", "TypeScript", 0, 0, 41, 0, 0, 0, 0, 0, 0, 0, 8, 7, 56
"c:\Users\HP\Downloads\NO-EXCUSE\Dashboard\Current Build\src\intelligence\reports\engine\reportSerializer.ts", "TypeScript", 0, 0, 11, 0, 0, 0, 0, 0, 0, 0, 10, 4, 25
"c:\Users\HP\Downloads\NO-EXCUSE\Dashboard\Current Build\src\intelligence\reports\engine\weeklyReportBuilder.ts", "TypeScript", 0, 0, 81, 0, 0, 0, 0, 0, 0, 0, 7, 14, 102
"c:\Users\HP\Downloads\NO-EXCUSE\Dashboard\Current Build\src\intelligence\reports\tests\reportEngine.test.ts", "TypeScript", 0, 0, 98, 0, 0, 0, 0, 0, 0, 0, 1, 17, 116
"c:\Users\HP\Downloads\NO-EXCUSE\Dashboard\Current Build\src\intelligence\reports\types\reports.ts", "TypeScript", 0, 0, 38, 0, 0, 0, 0, 0, 0, 0, 3, 5, 46
"c:\Users\HP\Downloads\NO-EXCUSE\Dashboard\Current Build\src\intelligence\risks\config\riskConfig.ts", "TypeScript", 0, 0, 43, 0, 0, 0, 0, 0, 0, 0, 0, 2, 45
"c:\Users\HP\Downloads\NO-EXCUSE\Dashboard\Current Build\src\intelligence\risks\engine\healthRiskEngine.ts", "TypeScript", 0, 0, 51, 0, 0, 0, 0, 0, 0, 0, 15, 15, 81
"c:\Users\HP\Downloads\NO-EXCUSE\Dashboard\Current Build\src\intelligence\risks\engine\riskConsolidation.ts", "TypeScript", 0, 0, 40, 0, 0, 0, 0, 0, 0, 0, 11, 7, 58
"c:\Users\HP\Downloads\NO-EXCUSE\Dashboard\Current Build\src\intelligence\risks\engine\riskOutputBuilder.ts", "TypeScript", 0, 0, 23, 0, 0, 0, 0, 0, 0, 0, 5, 3, 31
"c:\Users\HP\Downloads\NO-EXCUSE\Dashboard\Current Build\src\intelligence\risks\engine\riskPersistence.ts", "TypeScript", 0, 0, 41, 0, 0, 0, 0, 0, 0, 0, 13, 10, 64
"c:\Users\HP\Downloads\NO-EXCUSE\Dashboard\Current Build\src\intelligence\risks\engine\riskSeverity.ts", "TypeScript", 0, 0, 26, 0, 0, 0, 0, 0, 0, 0, 6, 6, 38
"c:\Users\HP\Downloads\NO-EXCUSE\Dashboard\Current Build\src\intelligence\risks\engine\singleRiskRules.ts", "TypeScript", 0, 0, 65, 0, 0, 0, 0, 0, 0, 0, 9, 9, 83
"c:\Users\HP\Downloads\NO-EXCUSE\Dashboard\Current Build\src\intelligence\risks\tests\healthRiskEngine.test.ts", "TypeScript", 0, 0, 72, 0, 0, 0, 0, 0, 0, 0, 3, 13, 88
"c:\Users\HP\Downloads\NO-EXCUSE\Dashboard\Current Build\src\intelligence\risks\types\risks.ts", "TypeScript", 0, 0, 22, 0, 0, 0, 0, 0, 0, 0, 3, 5, 30
"c:\Users\HP\Downloads\NO-EXCUSE\Dashboard\Current Build\src\intelligence\rules\gasRules.ts", "TypeScript", 0, 0, 20, 0, 0, 0, 0, 0, 0, 0, 4, 4, 28
"c:\Users\HP\Downloads\NO-EXCUSE\Dashboard\Current Build\src\intelligence\rules\heartRules.ts", "TypeScript", 0, 0, 23, 0, 0, 0, 0, 0, 0, 0, 5, 4, 32
"c:\Users\HP\Downloads\NO-EXCUSE\Dashboard\Current Build\src\intelligence\rules\spo2Rules.ts", "TypeScript", 0, 0, 23, 0, 0, 0, 0, 0, 0, 0, 5, 5, 33
"c:\Users\HP\Downloads\NO-EXCUSE\Dashboard\Current Build\src\intelligence\tests\telemetryEngine.test.ts", "TypeScript", 0, 0, 71, 0, 0, 0, 0, 0, 0, 0, 4, 16, 91
"c:\Users\HP\Downloads\NO-EXCUSE\Dashboard\Current Build\src\intelligence\trends\config\trendConfig.ts", "TypeScript", 0, 0, 18, 0, 0, 0, 0, 0, 0, 0, 0, 1, 19
"c:\Users\HP\Downloads\NO-EXCUSE\Dashboard\Current Build\src\intelligence\trends\engine\activityDuration.ts", "TypeScript", 0, 0, 36, 0, 0, 0, 0, 0, 0, 0, 5, 7, 48
"c:\Users\HP\Downloads\NO-EXCUSE\Dashboard\Current Build\src\intelligence\trends\engine\dailyMetrics.ts", "TypeScript", 0, 0, 40, 0, 0, 0, 0, 0, 0, 0, 6, 6, 52
"c:\Users\HP\Downloads\NO-EXCUSE\Dashboard\Current Build\src\intelligence\trends\engine\historicalSummary.ts", "TypeScript", 0, 0, 24, 0, 0, 0, 0, 0, 0, 0, 7, 5, 36
"c:\Users\HP\Downloads\NO-EXCUSE\Dashboard\Current Build\src\intelligence\trends\engine\rollingStats.ts", "TypeScript", 0, 0, 34, 0, 0, 0, 0, 0, 0, 0, 7, 9, 50
"c:\Users\HP\Downloads\NO-EXCUSE\Dashboard\Current Build\src\intelligence\trends\engine\trendAnalysisEngine.ts", "TypeScript", 0, 0, 23, 0, 0, 0, 0, 0, 0, 0, 13, 7, 43
"c:\Users\HP\Downloads\NO-EXCUSE\Dashboard\Current Build\src\intelligence\trends\engine\trendDetection.ts", "TypeScript", 0, 0, 40, 0, 0, 0, 0, 0, 0, 0, 7, 9, 56
"c:\Users\HP\Downloads\NO-EXCUSE\Dashboard\Current Build\src\intelligence\trends\tests\trendEngine.test.ts", "TypeScript", 0, 0, 86, 0, 0, 0, 0, 0, 0, 0, 1, 17, 104
"c:\Users\HP\Downloads\NO-EXCUSE\Dashboard\Current Build\src\intelligence\trends\types\trends.ts", "TypeScript", 0, 0, 32, 0, 0, 0, 0, 0, 0, 0, 3, 7, 42
"c:\Users\HP\Downloads\NO-EXCUSE\Dashboard\Current Build\src\intelligence\types\health.ts", "TypeScript", 0, 0, 19, 0, 0, 0, 0, 0, 0, 0, 4, 3, 26
"c:\Users\HP\Downloads\NO-EXCUSE\Dashboard\Current Build\src\main.tsx", "TypeScript JSX", 0, 0, 0, 13, 0, 0, 0, 0, 0, 0, 0, 4, 17
"c:\Users\HP\Downloads\NO-EXCUSE\Dashboard\Current Build\src\pages\Alerts\AlertsPage.tsx", "TypeScript JSX", 0, 0, 0, 53, 0, 0, 0, 0, 0, 0, 0, 5, 58
"c:\Users\HP\Downloads\NO-EXCUSE\Dashboard\Current Build\src\pages\Analytics\AnalyticsPage.tsx", "TypeScript JSX", 0, 0, 0, 67, 0, 0, 0, 0, 0, 0, 1, 9, 77
"c:\Users\HP\Downloads\NO-EXCUSE\Dashboard\Current Build\src\pages\Auth\LoginPage.tsx", "TypeScript JSX", 0, 0, 0, 99, 0, 0, 0, 0, 0, 0, 0, 8, 107
"c:\Users\HP\Downloads\NO-EXCUSE\Dashboard\Current Build\src\pages\Dashboard.tsx", "TypeScript JSX", 0, 0, 0, 50, 0, 0, 0, 0, 0, 0, 1, 7, 58
"c:\Users\HP\Downloads\NO-EXCUSE\Dashboard\Current Build\src\pages\Dashboard\DashboardPage.tsx", "TypeScript JSX", 0, 0, 0, 73, 0, 0, 0, 0, 0, 0, 6, 12, 91
"c:\Users\HP\Downloads\NO-EXCUSE\Dashboard\Current Build\src\pages\Devices\DevicesPage.tsx", "TypeScript JSX", 0, 0, 0, 43, 0, 0, 0, 0, 0, 0, 0, 3, 46
"c:\Users\HP\Downloads\NO-EXCUSE\Dashboard\Current Build\src\pages\NotFound\NotFoundPage.tsx", "TypeScript JSX", 0, 0, 0, 58, 0, 0, 0, 0, 0, 0, 0, 5, 63
"c:\Users\HP\Downloads\NO-EXCUSE\Dashboard\Current Build\src\pages\Settings\SettingsPage.tsx", "TypeScript JSX", 0, 0, 0, 22, 0, 0, 0, 0, 0, 0, 0, 2, 24
"c:\Users\HP\Downloads\NO-EXCUSE\Dashboard\Current Build\src\repositories\AuthenticationRepository.ts", "TypeScript", 0, 0, 3, 0, 0, 0, 0, 0, 0, 0, 0, 0, 3
"c:\Users\HP\Downloads\NO-EXCUSE\Dashboard\Current Build\src\repositories\HistoricalRepository.ts", "TypeScript", 0, 0, 2, 0, 0, 0, 0, 0, 0, 0, 0, 0, 2
"c:\Users\HP\Downloads\NO-EXCUSE\Dashboard\Current Build\src\repositories\telemetryRepository.ts", "TypeScript", 0, 0, 46, 0, 0, 0, 0, 0, 0, 0, 10, 10, 66
"c:\Users\HP\Downloads\NO-EXCUSE\Dashboard\Current Build\src\routes\AppRoutes.tsx", "TypeScript JSX", 0, 0, 0, 30, 0, 0, 0, 0, 0, 0, 2, 5, 37
"c:\Users\HP\Downloads\NO-EXCUSE\Dashboard\Current Build\src\services\ExportService.ts", "TypeScript", 0, 0, 3, 0, 0, 0, 0, 0, 0, 0, 0, 0, 3
"c:\Users\HP\Downloads\NO-EXCUSE\Dashboard\Current Build\src\services\ReportEngineService.ts", "TypeScript", 0, 0, 1, 0, 0, 0, 0, 0, 0, 0, 0, 0, 1
"c:\Users\HP\Downloads\NO-EXCUSE\Dashboard\Current Build\src\services\advancedPersonalizationEngine.ts", "TypeScript", 0, 0, 33, 0, 0, 0, 0, 0, 0, 0, 9, 6, 48
"c:\Users\HP\Downloads\NO-EXCUSE\Dashboard\Current Build\src\services\aiContractParser.ts", "TypeScript", 0, 0, 64, 0, 0, 0, 0, 0, 0, 0, 16, 9, 89
"c:\Users\HP\Downloads\NO-EXCUSE\Dashboard\Current Build\src\services\aiConversationPipeline.ts", "TypeScript", 0, 0, 85, 0, 0, 0, 0, 0, 0, 0, 12, 16, 113
"c:\Users\HP\Downloads\NO-EXCUSE\Dashboard\Current Build\src\services\aiGuardrails.ts", "TypeScript", 0, 0, 84, 0, 0, 0, 0, 0, 0, 0, 12, 15, 111
"c:\Users\HP\Downloads\NO-EXCUSE\Dashboard\Current Build\src\services\aiOrchestrator.ts", "TypeScript", 0, 0, 61, 0, 0, 0, 0, 0, 0, 0, 13, 13, 87
"c:\Users\HP\Downloads\NO-EXCUSE\Dashboard\Current Build\src\services\aiProvider.ts", "TypeScript", 0, 0, 86, 0, 0, 0, 0, 0, 0, 0, 14, 17, 117
"c:\Users\HP\Downloads\NO-EXCUSE\Dashboard\Current Build\src\services\aiSafety.ts", "TypeScript", 0, 0, 34, 0, 0, 0, 0, 0, 0, 0, 10, 11, 55
"c:\Users\HP\Downloads\NO-EXCUSE\Dashboard\Current Build\src\services\analyticsPipeline.ts", "TypeScript", 0, 0, 67, 0, 0, 0, 0, 0, 0, 0, 12, 10, 89
"c:\Users\HP\Downloads\NO-EXCUSE\Dashboard\Current Build\src\services\analyticsStorage.ts", "TypeScript", 0, 0, 35, 0, 0, 0, 0, 0, 0, 0, 16, 9, 60
"c:\Users\HP\Downloads\NO-EXCUSE\Dashboard\Current Build\src\services\anomalyEngine.ts", "TypeScript", 0, 0, 75, 0, 0, 0, 0, 0, 0, 0, 11, 12, 98
"c:\Users\HP\Downloads\NO-EXCUSE\Dashboard\Current Build\src\services\baselineEngine.ts", "TypeScript", 0, 0, 56, 0, 0, 0, 0, 0, 0, 0, 15, 14, 85
"c:\Users\HP\Downloads\NO-EXCUSE\Dashboard\Current Build\src\services\baseline\baselineCollector.ts", "TypeScript", 0, 0, 92, 0, 0, 0, 0, 0, 0, 0, 4, 20, 116
"c:\Users\HP\Downloads\NO-EXCUSE\Dashboard\Current Build\src\services\baseline\baselineEngine.ts", "TypeScript", 0, 0, 124, 0, 0, 0, 0, 0, 0, 0, 19, 27, 170
"c:\Users\HP\Downloads\NO-EXCUSE\Dashboard\Current Build\src\services\baseline\baselineRepository.ts", "TypeScript", 0, 0, 75, 0, 0, 0, 0, 0, 0, 0, 4, 14, 93
"c:\Users\HP\Downloads\NO-EXCUSE\Dashboard\Current Build\src\services\baseline\normalRangeEngine.ts", "TypeScript", 0, 0, 59, 0, 0, 0, 0, 0, 0, 0, 14, 13, 86
"c:\Users\HP\Downloads\NO-EXCUSE\Dashboard\Current Build\src\services\chatQAService.ts", "TypeScript", 0, 0, 71, 0, 0, 0, 0, 0, 0, 0, 13, 13, 97
"c:\Users\HP\Downloads\NO-EXCUSE\Dashboard\Current Build\src\services\context\contextEngine.ts", "TypeScript", 0, 0, 43, 0, 0, 0, 0, 0, 0, 0, 14, 11, 68
"c:\Users\HP\Downloads\NO-EXCUSE\Dashboard\Current Build\src\services\conversationHistoryManager.ts", "TypeScript", 0, 0, 26, 0, 0, 0, 0, 0, 0, 0, 14, 9, 49
"c:\Users\HP\Downloads\NO-EXCUSE\Dashboard\Current Build\src\services\dailyAggregator.ts", "TypeScript", 0, 0, 102, 0, 0, 0, 0, 0, 0, 0, 20, 23, 145
"c:\Users\HP\Downloads\NO-EXCUSE\Dashboard\Current Build\src\services\dailyRecordManager.ts", "TypeScript", 0, 0, 73, 0, 0, 0, 0, 0, 0, 0, 22, 15, 110
"c:\Users\HP\Downloads\NO-EXCUSE\Dashboard\Current Build\src\services\deviation\deviationEngine.ts", "TypeScript", 0, 0, 116, 0, 0, 0, 0, 0, 0, 0, 8, 20, 144
"c:\Users\HP\Downloads\NO-EXCUSE\Dashboard\Current Build\src\services\escalation\acknowledgmentService.ts", "TypeScript", 0, 0, 42, 0, 0, 0, 0, 0, 0, 0, 8, 9, 59
"c:\Users\HP\Downloads\NO-EXCUSE\Dashboard\Current Build\src\services\escalation\connectivityMonitor.ts", "TypeScript", 0, 0, 25, 0, 0, 0, 0, 0, 0, 0, 4, 9, 38
"c:\Users\HP\Downloads\NO-EXCUSE\Dashboard\Current Build\src\services\escalation\dispatchEngine.ts", "TypeScript", 0, 0, 61, 0, 0, 0, 0, 0, 0, 0, 11, 17, 89
"c:\Users\HP\Downloads\NO-EXCUSE\Dashboard\Current Build\src\services\escalation\escalationPipeline.ts", "TypeScript", 0, 0, 50, 0, 0, 0, 0, 0, 0, 0, 16, 14, 80
"c:\Users\HP\Downloads\NO-EXCUSE\Dashboard\Current Build\src\services\escalation\failSafeRouter.ts", "TypeScript", 0, 0, 49, 0, 0, 0, 0, 0, 0, 0, 9, 11, 69
"c:\Users\HP\Downloads\NO-EXCUSE\Dashboard\Current Build\src\services\exportEngine.ts", "TypeScript", 0, 0, 85, 0, 0, 0, 0, 0, 0, 0, 10, 12, 107
"c:\Users\HP\Downloads\NO-EXCUSE\Dashboard\Current Build\src\services\firebase\authService.ts", "TypeScript", 0, 0, 25, 0, 0, 0, 0, 0, 0, 0, 0, 6, 31
"c:\Users\HP\Downloads\NO-EXCUSE\Dashboard\Current Build\src\services\firebase\firebaseConfig.ts", "TypeScript", 0, 0, 39, 0, 0, 0, 0, 0, 0, 0, 0, 10, 49
"c:\Users\HP\Downloads\NO-EXCUSE\Dashboard\Current Build\src\services\firebase\telemetryService.ts", "TypeScript", 0, 0, 47, 0, 0, 0, 0, 0, 0, 0, 3, 14, 64
"c:\Users\HP\Downloads\NO-EXCUSE\Dashboard\Current Build\src\services\healthContextBuilder.ts", "TypeScript", 0, 0, 78, 0, 0, 0, 0, 0, 0, 0, 16, 15, 109
"c:\Users\HP\Downloads\NO-EXCUSE\Dashboard\Current Build\src\services\healthHistoryPipeline.ts", "TypeScript", 0, 0, 98, 0, 0, 0, 0, 0, 0, 0, 21, 13, 132
"c:\Users\HP\Downloads\NO-EXCUSE\Dashboard\Current Build\src\services\healthInterpretationService.ts", "TypeScript", 0, 0, 59, 0, 0, 0, 0, 0, 0, 0, 13, 13, 85
"c:\Users\HP\Downloads\NO-EXCUSE\Dashboard\Current Build\src\services\healthProfile\healthProfileDefaults.ts", "TypeScript", 0, 0, 46, 0, 0, 0, 0, 0, 0, 0, 4, 8, 58
"c:\Users\HP\Downloads\NO-EXCUSE\Dashboard\Current Build\src\services\healthProfile\healthProfileManager.ts", "TypeScript", 0, 0, 81, 0, 0, 0, 0, 0, 0, 0, 4, 11, 96
"c:\Users\HP\Downloads\NO-EXCUSE\Dashboard\Current Build\src\services\healthQueryAnalyzer.ts", "TypeScript", 0, 0, 64, 0, 0, 0, 0, 0, 0, 0, 10, 12, 86
"c:\Users\HP\Downloads\NO-EXCUSE\Dashboard\Current Build\src\services\healthTimeline.ts", "TypeScript", 0, 0, 51, 0, 0, 0, 0, 0, 0, 0, 17, 13, 81
"c:\Users\HP\Downloads\NO-EXCUSE\Dashboard\Current Build\src\services\intelligenceOrchestrator.ts", "TypeScript", 0, 0, 82, 0, 0, 0, 0, 0, 0, 0, 16, 15, 113
"c:\Users\HP\Downloads\NO-EXCUSE\Dashboard\Current Build\src\services\localAIReadinessEngine.ts", "TypeScript", 0, 0, 37, 0, 0, 0, 0, 0, 0, 0, 8, 6, 51
"c:\Users\HP\Downloads\NO-EXCUSE\Dashboard\Current Build\src\services\longTermHealthModel.ts", "TypeScript", 0, 0, 73, 0, 0, 0, 0, 0, 0, 0, 7, 11, 91
"c:\Users\HP\Downloads\NO-EXCUSE\Dashboard\Current Build\src\services\medicalDisclaimerLayer.ts", "TypeScript", 0, 0, 56, 0, 0, 0, 0, 0, 0, 0, 11, 12, 79
"c:\Users\HP\Downloads\NO-EXCUSE\Dashboard\Current Build\src\services\mobileOfflineEngine.ts", "TypeScript", 0, 0, 38, 0, 0, 0, 0, 0, 0, 0, 4, 9, 51
"c:\Users\HP\Downloads\NO-EXCUSE\Dashboard\Current Build\src\services\monthlyRecordManager.ts", "TypeScript", 0, 0, 65, 0, 0, 0, 0, 0, 0, 0, 16, 15, 96
"c:\Users\HP\Downloads\NO-EXCUSE\Dashboard\Current Build\src\services\multiDeviceSyncManager.ts", "TypeScript", 0, 0, 34, 0, 0, 0, 0, 0, 0, 0, 8, 9, 51
"c:\Users\HP\Downloads\NO-EXCUSE\Dashboard\Current Build\src\services\multiPeriodAggregator.ts", "TypeScript", 0, 0, 106, 0, 0, 0, 0, 0, 0, 0, 18, 24, 148
"c:\Users\HP\Downloads\NO-EXCUSE\Dashboard\Current Build\src\services\pipeline\healthIntelligencePipeline.ts", "TypeScript", 0, 0, 60, 0, 0, 0, 0, 0, 0, 0, 13, 12, 85
"c:\Users\HP\Downloads\NO-EXCUSE\Dashboard\Current Build\src\services\pipeline\predictivePipeline.ts", "TypeScript", 0, 0, 35, 0, 0, 0, 0, 0, 0, 0, 13, 11, 59
"c:\Users\HP\Downloads\NO-EXCUSE\Dashboard\Current Build\src\services\pr5HealthIntelligenceModule.ts", "TypeScript", 0, 0, 16, 0, 0, 0, 0, 0, 0, 0, 10, 6, 32
"c:\Users\HP\Downloads\NO-EXCUSE\Dashboard\Current Build\src\services\predictive\predictiveEngine.ts", "TypeScript", 0, 0, 125, 0, 0, 0, 0, 0, 0, 0, 11, 26, 162
"c:\Users\HP\Downloads\NO-EXCUSE\Dashboard\Current Build\src\services\privacyExport.ts", "TypeScript", 0, 0, 82, 0, 0, 0, 0, 0, 0, 0, 13, 17, 112
"c:\Users\HP\Downloads\NO-EXCUSE\Dashboard\Current Build\src\services\profile\profileRepository.ts", "TypeScript", 0, 0, 78, 0, 0, 0, 0, 0, 0, 0, 19, 16, 113
"c:\Users\HP\Downloads\NO-EXCUSE\Dashboard\Current Build\src\services\profile\profileValidator.ts", "TypeScript", 0, 0, 96, 0, 0, 0, 0, 0, 0, 0, 13, 16, 125
"c:\Users\HP\Downloads\NO-EXCUSE\Dashboard\Current Build\src\services\range\normalRangeEngine.ts", "TypeScript", 0, 0, 94, 0, 0, 0, 0, 0, 0, 0, 10, 18, 122
"c:\Users\HP\Downloads\NO-EXCUSE\Dashboard\Current Build\src\services\recoveryEvaluator.ts", "TypeScript", 0, 0, 75, 0, 0, 0, 0, 0, 0, 0, 15, 13, 103
"c:\Users\HP\Downloads\NO-EXCUSE\Dashboard\Current Build\src\services\reportGenerator.ts", "TypeScript", 0, 0, 71, 0, 0, 0, 0, 0, 0, 0, 10, 16, 97
"c:\Users\HP\Downloads\NO-EXCUSE\Dashboard\Current Build\src\services\risk\riskEngine.ts", "TypeScript", 0, 0, 79, 0, 0, 0, 0, 0, 0, 0, 8, 15, 102
"c:\Users\HP\Downloads\NO-EXCUSE\Dashboard\Current Build\src\services\secureSharingController.ts", "TypeScript", 0, 0, 36, 0, 0, 0, 0, 0, 0, 0, 4, 9, 49
"c:\Users\HP\Downloads\NO-EXCUSE\Dashboard\Current Build\src\services\semanticRetriever.ts", "TypeScript", 0, 0, 30, 0, 0, 0, 0, 0, 0, 0, 10, 7, 47
"c:\Users\HP\Downloads\NO-EXCUSE\Dashboard\Current Build\src\services\sqi\sqiEngine.ts", "TypeScript", 0, 0, 77, 0, 0, 0, 0, 0, 0, 0, 4, 17, 98
"c:\Users\HP\Downloads\NO-EXCUSE\Dashboard\Current Build\src\services\sqi\sqiFilter.ts", "TypeScript", 0, 0, 35, 0, 0, 0, 0, 0, 0, 0, 11, 12, 58
"c:\Users\HP\Downloads\NO-EXCUSE\Dashboard\Current Build\src\services\structuredContextRetriever.ts", "TypeScript", 0, 0, 35, 0, 0, 0, 0, 0, 0, 0, 9, 8, 52
"c:\Users\HP\Downloads\NO-EXCUSE\Dashboard\Current Build\src\services\trendEngine.ts", "TypeScript", 0, 0, 103, 0, 0, 0, 0, 0, 0, 0, 16, 22, 141
"c:\Users\HP\Downloads\NO-EXCUSE\Dashboard\Current Build\src\services\trend\trendEngine.ts", "TypeScript", 0, 0, 98, 0, 0, 0, 0, 0, 0, 0, 10, 20, 128
"c:\Users\HP\Downloads\NO-EXCUSE\Dashboard\Current Build\src\services\weeklyRecordManager.ts", "TypeScript", 0, 0, 67, 0, 0, 0, 0, 0, 0, 0, 18, 16, 101
"c:\Users\HP\Downloads\NO-EXCUSE\Dashboard\Current Build\src\telemetry\__tests__\telemetryPipeline.test.ts", "TypeScript", 0, 0, 63, 0, 0, 0, 0, 0, 0, 0, 1, 13, 77
"c:\Users\HP\Downloads\NO-EXCUSE\Dashboard\Current Build\src\telemetry\components\DashboardWireReference.tsx", "TypeScript JSX", 0, 0, 0, 50, 0, 0, 0, 0, 0, 0, 15, 10, 75
"c:\Users\HP\Downloads\NO-EXCUSE\Dashboard\Current Build\src\telemetry\config\firebaseConfig.ts", "TypeScript", 0, 0, 12, 0, 0, 0, 0, 0, 0, 0, 2, 3, 17
"c:\Users\HP\Downloads\NO-EXCUSE\Dashboard\Current Build\src\telemetry\context\TelemetryContext.tsx", "TypeScript JSX", 0, 0, 0, 37, 0, 0, 0, 0, 0, 0, 4, 10, 51
"c:\Users\HP\Downloads\NO-EXCUSE\Dashboard\Current Build\src\telemetry\context\telemetryReducer.ts", "TypeScript", 0, 0, 40, 0, 0, 0, 0, 0, 0, 0, 1, 4, 45
"c:\Users\HP\Downloads\NO-EXCUSE\Dashboard\Current Build\src\telemetry\hooks\useTelemetry.ts", "TypeScript", 0, 0, 61, 0, 0, 0, 0, 0, 0, 0, 16, 12, 89
"c:\Users\HP\Downloads\NO-EXCUSE\Dashboard\Current Build\src\telemetry\repository\interfaces.ts", "TypeScript", 0, 0, 11, 0, 0, 0, 0, 0, 0, 0, 8, 3, 22
"c:\Users\HP\Downloads\NO-EXCUSE\Dashboard\Current Build\src\telemetry\repository\telemetryRepository.ts", "TypeScript", 0, 0, 115, 0, 0, 0, 0, 0, 0, 0, 20, 21, 156
"c:\Users\HP\Downloads\NO-EXCUSE\Dashboard\Current Build\src\telemetry\services\telemetryService.ts", "TypeScript", 0, 0, 50, 0, 0, 0, 0, 0, 0, 0, 19, 13, 82
"c:\Users\HP\Downloads\NO-EXCUSE\Dashboard\Current Build\src\telemetry\types\index.ts", "TypeScript", 0, 0, 22, 0, 0, 0, 0, 0, 0, 0, 1, 5, 28
"c:\Users\HP\Downloads\NO-EXCUSE\Dashboard\Current Build\src\telemetry\utils\validation.ts", "TypeScript", 0, 0, 23, 0, 0, 0, 0, 0, 0, 0, 9, 5, 37
"c:\Users\HP\Downloads\NO-EXCUSE\Dashboard\Current Build\src\tests\baselineCollector.test.ts", "TypeScript", 0, 0, 45, 0, 0, 0, 0, 0, 0, 0, 0, 9, 54
"c:\Users\HP\Downloads\NO-EXCUSE\Dashboard\Current Build\src\tests\baselineEngine.test.ts", "TypeScript", 0, 0, 59, 0, 0, 0, 0, 0, 0, 0, 3, 9, 71
"c:\Users\HP\Downloads\NO-EXCUSE\Dashboard\Current Build\src\tests\contextEngine.test.ts", "TypeScript", 0, 0, 35, 0, 0, 0, 0, 0, 0, 0, 4, 9, 48
"c:\Users\HP\Downloads\NO-EXCUSE\Dashboard\Current Build\src\tests\deviationEngine.test.ts", "TypeScript", 0, 0, 57, 0, 0, 0, 0, 0, 0, 0, 3, 9, 69
"c:\Users\HP\Downloads\NO-EXCUSE\Dashboard\Current Build\src\tests\dispatchEngine.test.ts", "TypeScript", 0, 0, 51, 0, 0, 0, 0, 0, 0, 0, 3, 13, 67
"c:\Users\HP\Downloads\NO-EXCUSE\Dashboard\Current Build\src\tests\escalationPipeline.test.ts", "TypeScript", 0, 0, 46, 0, 0, 0, 0, 0, 0, 0, 3, 12, 61
"c:\Users\HP\Downloads\NO-EXCUSE\Dashboard\Current Build\src\tests\failSafeRouter.test.ts", "TypeScript", 0, 0, 48, 0, 0, 0, 0, 0, 0, 0, 3, 13, 64
"c:\Users\HP\Downloads\NO-EXCUSE\Dashboard\Current Build\src\tests\healthIntelligencePipeline.test.ts", "TypeScript", 0, 0, 50, 0, 0, 0, 0, 0, 0, 0, 4, 13, 67
"c:\Users\HP\Downloads\NO-EXCUSE\Dashboard\Current Build\src\tests\healthProfile.test.ts", "TypeScript", 0, 0, 30, 0, 0, 0, 0, 0, 0, 0, 1, 6, 37
"c:\Users\HP\Downloads\NO-EXCUSE\Dashboard\Current Build\src\tests\normalRangeEngine.test.ts", "TypeScript", 0, 0, 45, 0, 0, 0, 0, 0, 0, 0, 0, 7, 52
"c:\Users\HP\Downloads\NO-EXCUSE\Dashboard\Current Build\src\tests\predictiveEngine.test.ts", "TypeScript", 0, 0, 62, 0, 0, 0, 0, 0, 0, 0, 3, 12, 77
"c:\Users\HP\Downloads\NO-EXCUSE\Dashboard\Current Build\src\tests\predictivePipeline.test.ts", "TypeScript", 0, 0, 53, 0, 0, 0, 0, 0, 0, 0, 5, 13, 71
"c:\Users\HP\Downloads\NO-EXCUSE\Dashboard\Current Build\src\tests\profileValidator.test.ts", "TypeScript", 0, 0, 59, 0, 0, 0, 0, 0, 0, 0, 3, 7, 69
"c:\Users\HP\Downloads\NO-EXCUSE\Dashboard\Current Build\src\tests\riskEngine.test.ts", "TypeScript", 0, 0, 73, 0, 0, 0, 0, 0, 0, 0, 3, 11, 87
"c:\Users\HP\Downloads\NO-EXCUSE\Dashboard\Current Build\src\tests\run_all_pr10_tests.ts", "TypeScript", 0, 0, 103, 0, 0, 0, 0, 0, 0, 0, 10, 18, 131
"c:\Users\HP\Downloads\NO-EXCUSE\Dashboard\Current Build\src\tests\run_all_pr9_tests.ts", "TypeScript", 0, 0, 41, 0, 0, 0, 0, 0, 0, 0, 4, 9, 54
"c:\Users\HP\Downloads\NO-EXCUSE\Dashboard\Current Build\src\tests\sqi.test.ts", "TypeScript", 0, 0, 53, 0, 0, 0, 0, 0, 0, 0, 0, 10, 63
"c:\Users\HP\Downloads\NO-EXCUSE\Dashboard\Current Build\src\tests\sqiEngine.test.ts", "TypeScript", 0, 0, 43, 0, 0, 0, 0, 0, 0, 0, 3, 12, 58
"c:\Users\HP\Downloads\NO-EXCUSE\Dashboard\Current Build\src\tests\test_build_5_6.ts", "TypeScript", 0, 0, 14, 0, 0, 0, 0, 0, 0, 0, 5, 6, 25
"c:\Users\HP\Downloads\NO-EXCUSE\Dashboard\Current Build\src\tests\test_build_5_7.ts", "TypeScript", 0, 0, 36, 0, 0, 0, 0, 0, 0, 0, 5, 8, 49
"c:\Users\HP\Downloads\NO-EXCUSE\Dashboard\Current Build\src\tests\test_build_5_8_acceptance.ts", "TypeScript", 0, 0, 68, 0, 0, 0, 0, 0, 0, 0, 5, 11, 84
"c:\Users\HP\Downloads\NO-EXCUSE\Dashboard\Current Build\src\tests\test_pr6_1.ts", "TypeScript", 0, 0, 62, 0, 0, 0, 0, 0, 0, 0, 5, 11, 78
"c:\Users\HP\Downloads\NO-EXCUSE\Dashboard\Current Build\src\tests\test_pr6_2.ts", "TypeScript", 0, 0, 80, 0, 0, 0, 0, 0, 0, 0, 9, 15, 104
"c:\Users\HP\Downloads\NO-EXCUSE\Dashboard\Current Build\src\tests\test_pr6_3.ts", "TypeScript", 0, 0, 79, 0, 0, 0, 0, 0, 0, 0, 4, 16, 99
"c:\Users\HP\Downloads\NO-EXCUSE\Dashboard\Current Build\src\tests\test_pr6_4.ts", "TypeScript", 0, 0, 64, 0, 0, 0, 0, 0, 0, 0, 4, 13, 81
"c:\Users\HP\Downloads\NO-EXCUSE\Dashboard\Current Build\src\tests\test_pr6_5.ts", "TypeScript", 0, 0, 70, 0, 0, 0, 0, 0, 0, 0, 6, 17, 93
"c:\Users\HP\Downloads\NO-EXCUSE\Dashboard\Current Build\src\tests\test_pr6_6.ts", "TypeScript", 0, 0, 90, 0, 0, 0, 0, 0, 0, 0, 5, 18, 113
"c:\Users\HP\Downloads\NO-EXCUSE\Dashboard\Current Build\src\tests\test_pr6_7.ts", "TypeScript", 0, 0, 74, 0, 0, 0, 0, 0, 0, 0, 3, 15, 92
"c:\Users\HP\Downloads\NO-EXCUSE\Dashboard\Current Build\src\tests\test_pr6_master.ts", "TypeScript", 0, 0, 44, 0, 0, 0, 0, 0, 0, 0, 4, 8, 56
"c:\Users\HP\Downloads\NO-EXCUSE\Dashboard\Current Build\src\tests\test_pr7_1.ts", "TypeScript", 0, 0, 58, 0, 0, 0, 0, 0, 0, 0, 3, 9, 70
"c:\Users\HP\Downloads\NO-EXCUSE\Dashboard\Current Build\src\tests\test_pr7_2.ts", "TypeScript", 0, 0, 66, 0, 0, 0, 0, 0, 0, 0, 3, 15, 84
"c:\Users\HP\Downloads\NO-EXCUSE\Dashboard\Current Build\src\tests\test_pr7_3.ts", "TypeScript", 0, 0, 68, 0, 0, 0, 0, 0, 0, 0, 4, 15, 87
"c:\Users\HP\Downloads\NO-EXCUSE\Dashboard\Current Build\src\tests\test_pr7_4.ts", "TypeScript", 0, 0, 68, 0, 0, 0, 0, 0, 0, 0, 4, 15, 87
"c:\Users\HP\Downloads\NO-EXCUSE\Dashboard\Current Build\src\tests\test_pr7_5.ts", "TypeScript", 0, 0, 77, 0, 0, 0, 0, 0, 0, 0, 3, 15, 95
"c:\Users\HP\Downloads\NO-EXCUSE\Dashboard\Current Build\src\tests\test_pr7_6.ts", "TypeScript", 0, 0, 61, 0, 0, 0, 0, 0, 0, 0, 5, 11, 77
"c:\Users\HP\Downloads\NO-EXCUSE\Dashboard\Current Build\src\tests\test_pr7_7.ts", "TypeScript", 0, 0, 76, 0, 0, 0, 0, 0, 0, 0, 3, 17, 96
"c:\Users\HP\Downloads\NO-EXCUSE\Dashboard\Current Build\src\tests\test_pr7_master.ts", "TypeScript", 0, 0, 44, 0, 0, 0, 0, 0, 0, 0, 4, 8, 56
"c:\Users\HP\Downloads\NO-EXCUSE\Dashboard\Current Build\src\tests\test_pr8_1.ts", "TypeScript", 0, 0, 50, 0, 0, 0, 0, 0, 0, 0, 3, 9, 62
"c:\Users\HP\Downloads\NO-EXCUSE\Dashboard\Current Build\src\tests\test_pr8_2.ts", "TypeScript", 0, 0, 84, 0, 0, 0, 0, 0, 0, 0, 4, 12, 100
"c:\Users\HP\Downloads\NO-EXCUSE\Dashboard\Current Build\src\tests\test_pr8_3.ts", "TypeScript", 0, 0, 66, 0, 0, 0, 0, 0, 0, 0, 3, 14, 83
"c:\Users\HP\Downloads\NO-EXCUSE\Dashboard\Current Build\src\tests\test_pr8_4.ts", "TypeScript", 0, 0, 61, 0, 0, 0, 0, 0, 0, 0, 3, 14, 78
"c:\Users\HP\Downloads\NO-EXCUSE\Dashboard\Current Build\src\tests\test_pr8_5.ts", "TypeScript", 0, 0, 50, 0, 0, 0, 0, 0, 0, 0, 7, 15, 72
"c:\Users\HP\Downloads\NO-EXCUSE\Dashboard\Current Build\src\tests\test_pr8_6.ts", "TypeScript", 0, 0, 67, 0, 0, 0, 0, 0, 0, 0, 3, 12, 82
"c:\Users\HP\Downloads\NO-EXCUSE\Dashboard\Current Build\src\tests\test_pr8_7.ts", "TypeScript", 0, 0, 53, 0, 0, 0, 0, 0, 0, 0, 3, 10, 66
"c:\Users\HP\Downloads\NO-EXCUSE\Dashboard\Current Build\src\tests\test_pr8_8.ts", "TypeScript", 0, 0, 78, 0, 0, 0, 0, 0, 0, 0, 4, 12, 94
"c:\Users\HP\Downloads\NO-EXCUSE\Dashboard\Current Build\src\tests\test_pr9_1.ts", "TypeScript", 0, 0, 46, 0, 0, 0, 0, 0, 0, 0, 3, 10, 59
"c:\Users\HP\Downloads\NO-EXCUSE\Dashboard\Current Build\src\tests\test_pr9_2.ts", "TypeScript", 0, 0, 35, 0, 0, 0, 0, 0, 0, 0, 3, 12, 50
"c:\Users\HP\Downloads\NO-EXCUSE\Dashboard\Current Build\src\tests\test_pr9_3.ts", "TypeScript", 0, 0, 73, 0, 0, 0, 0, 0, 0, 0, 3, 12, 88
"c:\Users\HP\Downloads\NO-EXCUSE\Dashboard\Current Build\src\tests\test_pr9_4.ts", "TypeScript", 0, 0, 55, 0, 0, 0, 0, 0, 0, 0, 3, 11, 69
"c:\Users\HP\Downloads\NO-EXCUSE\Dashboard\Current Build\src\tests\test_pr9_5.ts", "TypeScript", 0, 0, 66, 0, 0, 0, 0, 0, 0, 0, 3, 12, 81
"c:\Users\HP\Downloads\NO-EXCUSE\Dashboard\Current Build\src\tests\test_pr9_6.ts", "TypeScript", 0, 0, 49, 0, 0, 0, 0, 0, 0, 0, 3, 12, 64
"c:\Users\HP\Downloads\NO-EXCUSE\Dashboard\Current Build\src\tests\test_pr9_7.ts", "TypeScript", 0, 0, 41, 0, 0, 0, 0, 0, 0, 0, 3, 15, 59
"c:\Users\HP\Downloads\NO-EXCUSE\Dashboard\Current Build\src\tests\test_pr9_8.ts", "TypeScript", 0, 0, 69, 0, 0, 0, 0, 0, 0, 0, 3, 14, 86
"c:\Users\HP\Downloads\NO-EXCUSE\Dashboard\Current Build\src\tests\trendEngine.test.ts", "TypeScript", 0, 0, 46, 0, 0, 0, 0, 0, 0, 0, 5, 11, 62
"c:\Users\HP\Downloads\NO-EXCUSE\Dashboard\Current Build\src\types\aiContext.ts", "TypeScript", 0, 0, 27, 0, 0, 0, 0, 0, 0, 0, 4, 7, 38
"c:\Users\HP\Downloads\NO-EXCUSE\Dashboard\Current Build\src\types\aiContracts.ts", "TypeScript", 0, 0, 24, 0, 0, 0, 0, 0, 0, 0, 4, 5, 33
"c:\Users\HP\Downloads\NO-EXCUSE\Dashboard\Current Build\src\types\aiConversation.ts", "TypeScript", 0, 0, 33, 0, 0, 0, 0, 0, 0, 0, 4, 6, 43
"c:\Users\HP\Downloads\NO-EXCUSE\Dashboard\Current Build\src\types\analytics.ts", "TypeScript", 0, 0, 35, 0, 0, 0, 0, 0, 0, 0, 4, 7, 46
"c:\Users\HP\Downloads\NO-EXCUSE\Dashboard\Current Build\src\types\anomaly.ts", "TypeScript", 0, 0, 21, 0, 0, 0, 0, 0, 0, 0, 3, 4, 28
"c:\Users\HP\Downloads\NO-EXCUSE\Dashboard\Current Build\src\types\auth.types.ts", "TypeScript", 0, 0, 2, 0, 0, 0, 0, 0, 0, 0, 0, 0, 2
"c:\Users\HP\Downloads\NO-EXCUSE\Dashboard\Current Build\src\types\baseline.ts", "TypeScript", 0, 0, 21, 0, 0, 0, 0, 0, 0, 0, 4, 4, 29
"c:\Users\HP\Downloads\NO-EXCUSE\Dashboard\Current Build\src\types\baselineEngine.ts", "TypeScript", 0, 0, 15, 0, 0, 0, 0, 0, 0, 0, 4, 3, 22
"c:\Users\HP\Downloads\NO-EXCUSE\Dashboard\Current Build\src\types\chart.types.ts", "TypeScript", 0, 0, 17, 0, 0, 0, 0, 0, 0, 0, 0, 3, 20
"c:\Users\HP\Downloads\NO-EXCUSE\Dashboard\Current Build\src\types\chartEngine.types.ts", "TypeScript", 0, 0, 17, 0, 0, 0, 0, 0, 0, 0, 0, 4, 21
"c:\Users\HP\Downloads\NO-EXCUSE\Dashboard\Current Build\src\types\contextualBaseline.ts", "TypeScript", 0, 0, 21, 0, 0, 0, 0, 0, 0, 0, 4, 5, 30
"c:\Users\HP\Downloads\NO-EXCUSE\Dashboard\Current Build\src\types\dashboard.types.ts", "TypeScript", 0, 0, 49, 0, 0, 0, 0, 0, 0, 0, 0, 11, 60
"c:\Users\HP\Downloads\NO-EXCUSE\Dashboard\Current Build\src\types\deviation.ts", "TypeScript", 0, 0, 22, 0, 0, 0, 0, 0, 0, 0, 4, 4, 30
"c:\Users\HP\Downloads\NO-EXCUSE\Dashboard\Current Build\src\types\dispatch.ts", "TypeScript", 0, 0, 25, 0, 0, 0, 0, 0, 0, 0, 4, 6, 35
"c:\Users\HP\Downloads\NO-EXCUSE\Dashboard\Current Build\src\types\escalationPipeline.ts", "TypeScript", 0, 0, 13, 0, 0, 0, 0, 0, 0, 0, 4, 4, 21
"c:\Users\HP\Downloads\NO-EXCUSE\Dashboard\Current Build\src\types\export.ts", "TypeScript", 0, 0, 16, 0, 0, 0, 0, 0, 0, 0, 3, 5, 24
"c:\Users\HP\Downloads\NO-EXCUSE\Dashboard\Current Build\src\types\failsafe.ts", "TypeScript", 0, 0, 14, 0, 0, 0, 0, 0, 0, 0, 4, 4, 22
"c:\Users\HP\Downloads\NO-EXCUSE\Dashboard\Current Build\src\types\global.types.ts", "TypeScript", 0, 0, 32, 0, 0, 0, 0, 0, 0, 0, 1, 11, 44
"c:\Users\HP\Downloads\NO-EXCUSE\Dashboard\Current Build\src\types\healthHistory.ts", "TypeScript", 0, 0, 93, 0, 0, 0, 0, 0, 0, 0, 4, 12, 109
"c:\Users\HP\Downloads\NO-EXCUSE\Dashboard\Current Build\src\types\healthProfile.ts", "TypeScript", 0, 0, 39, 0, 0, 0, 0, 0, 0, 0, 4, 8, 51
"c:\Users\HP\Downloads\NO-EXCUSE\Dashboard\Current Build\src\types\history.types.ts", "TypeScript", 0, 0, 2, 0, 0, 0, 0, 0, 0, 0, 0, 0, 2
"c:\Users\HP\Downloads\NO-EXCUSE\Dashboard\Current Build\src\types\intelligencePipeline.ts", "TypeScript", 0, 0, 23, 0, 0, 0, 0, 0, 0, 0, 4, 5, 32
"c:\Users\HP\Downloads\NO-EXCUSE\Dashboard\Current Build\src\types\longTermHealth.ts", "TypeScript", 0, 0, 22, 0, 0, 0, 0, 0, 0, 0, 4, 4, 30
"c:\Users\HP\Downloads\NO-EXCUSE\Dashboard\Current Build\src\types\multiDevice.ts", "TypeScript", 0, 0, 16, 0, 0, 0, 0, 0, 0, 0, 3, 4, 23
"c:\Users\HP\Downloads\NO-EXCUSE\Dashboard\Current Build\src\types\normalRange.ts", "TypeScript", 0, 0, 12, 0, 0, 0, 0, 0, 0, 0, 4, 3, 19
"c:\Users\HP\Downloads\NO-EXCUSE\Dashboard\Current Build\src\types\notifications.types.ts", "TypeScript", 0, 0, 7, 0, 0, 0, 0, 0, 0, 0, 0, 1, 8
"c:\Users\HP\Downloads\NO-EXCUSE\Dashboard\Current Build\src\types\personalization.ts", "TypeScript", 0, 0, 13, 0, 0, 0, 0, 0, 0, 0, 3, 3, 19
"c:\Users\HP\Downloads\NO-EXCUSE\Dashboard\Current Build\src\types\pipeline.ts", "TypeScript", 0, 0, 14, 0, 0, 0, 0, 0, 0, 0, 4, 3, 21
"c:\Users\HP\Downloads\NO-EXCUSE\Dashboard\Current Build\src\types\predictive.ts", "TypeScript", 0, 0, 19, 0, 0, 0, 0, 0, 0, 0, 4, 5, 28
"c:\Users\HP\Downloads\NO-EXCUSE\Dashboard\Current Build\src\types\profile.ts", "TypeScript", 0, 0, 33, 0, 0, 0, 0, 0, 0, 0, 4, 8, 45
"c:\Users\HP\Downloads\NO-EXCUSE\Dashboard\Current Build\src\types\recovery.ts", "TypeScript", 0, 0, 22, 0, 0, 0, 0, 0, 0, 0, 3, 4, 29
"c:\Users\HP\Downloads\NO-EXCUSE\Dashboard\Current Build\src\types\report.types.ts", "TypeScript", 0, 0, 2, 0, 0, 0, 0, 0, 0, 0, 0, 0, 2
"c:\Users\HP\Downloads\NO-EXCUSE\Dashboard\Current Build\src\types\riskScore.ts", "TypeScript", 0, 0, 22, 0, 0, 0, 0, 0, 0, 0, 4, 5, 31
"c:\Users\HP\Downloads\NO-EXCUSE\Dashboard\Current Build\src\types\secureSharing.ts", "TypeScript", 0, 0, 14, 0, 0, 0, 0, 0, 0, 0, 3, 3, 20
"c:\Users\HP\Downloads\NO-EXCUSE\Dashboard\Current Build\src\types\semanticRetrieval.ts", "TypeScript", 0, 0, 22, 0, 0, 0, 0, 0, 0, 0, 4, 5, 31
"c:\Users\HP\Downloads\NO-EXCUSE\Dashboard\Current Build\src\types\sqi.ts", "TypeScript", 0, 0, 23, 0, 0, 0, 0, 0, 0, 0, 4, 5, 32
"c:\Users\HP\Downloads\NO-EXCUSE\Dashboard\Current Build\src\types\theme.types.ts", "TypeScript", 0, 0, 7, 0, 0, 0, 0, 0, 0, 0, 2, 2, 11
"c:\Users\HP\Downloads\NO-EXCUSE\Dashboard\Current Build\src\types\trend.ts", "TypeScript", 0, 0, 18, 0, 0, 0, 0, 0, 0, 0, 4, 4, 26
"c:\Users\HP\Downloads\NO-EXCUSE\Dashboard\Current Build\src\types\trends.ts", "TypeScript", 0, 0, 19, 0, 0, 0, 0, 0, 0, 0, 3, 5, 27
"c:\Users\HP\Downloads\NO-EXCUSE\Dashboard\Current Build\src\types\user.types.ts", "TypeScript", 0, 0, 16, 0, 0, 0, 0, 0, 0, 0, 0, 3, 19
"c:\Users\HP\Downloads\NO-EXCUSE\Dashboard\Current Build\src\utils\breadcrumbs.ts", "TypeScript", 0, 0, 28, 0, 0, 0, 0, 0, 0, 0, 0, 7, 35
"c:\Users\HP\Downloads\NO-EXCUSE\Dashboard\Current Build\src\utils\chartColors.ts", "TypeScript", 0, 0, 18, 0, 0, 0, 0, 0, 0, 0, 0, 3, 21
"c:\Users\HP\Downloads\NO-EXCUSE\Dashboard\Current Build\src\utils\chartFormatter.ts", "TypeScript", 0, 0, 10, 0, 0, 0, 0, 0, 0, 0, 0, 1, 11
"c:\Users\HP\Downloads\NO-EXCUSE\Dashboard\Current Build\src\utils\chartHelpers.ts", "TypeScript", 0, 0, 4, 0, 0, 0, 0, 0, 0, 0, 0, 1, 5
"c:\Users\HP\Downloads\NO-EXCUSE\Dashboard\Current Build\src\utils\cn.ts", "TypeScript", 0, 0, 15, 0, 0, 0, 0, 0, 0, 0, 4, 6, 25
"c:\Users\HP\Downloads\NO-EXCUSE\Dashboard\Current Build\src\utils\logger.ts", "TypeScript", 0, 0, 20, 0, 0, 0, 0, 0, 0, 0, 1, 5, 26
"c:\Users\HP\Downloads\NO-EXCUSE\Dashboard\Current Build\src\utils\storage.ts", "TypeScript", 0, 0, 26, 0, 0, 0, 0, 0, 0, 0, 0, 5, 31
"c:\Users\HP\Downloads\NO-EXCUSE\Dashboard\Current Build\src\vite-env.d.ts", "TypeScript", 0, 0, 15, 0, 0, 0, 0, 0, 0, 0, 1, 3, 19
"c:\Users\HP\Downloads\NO-EXCUSE\Dashboard\Current Build\tailwind.config.ts", "TypeScript", 0, 0, 95, 0, 0, 0, 0, 0, 0, 0, 0, 3, 98
"c:\Users\HP\Downloads\NO-EXCUSE\Dashboard\Current Build\tsconfig.app.json", "JSON", 39, 0, 0, 0, 0, 0, 0, 0, 0, 0, 0, 4, 43
"c:\Users\HP\Downloads\NO-EXCUSE\Dashboard\Current Build\tsconfig.json", "JSON with Comments", 0, 4, 0, 0, 0, 0, 0, 0, 0, 0, 0, 1, 5
"c:\Users\HP\Downloads\NO-EXCUSE\Dashboard\Current Build\tsconfig.node.json", "JSON", 18, 0, 0, 0, 0, 0, 0, 0, 0, 0, 0, 3, 21
"c:\Users\HP\Downloads\NO-EXCUSE\Dashboard\Current Build\vite.config.ts", "TypeScript", 0, 0, 43, 0, 0, 0, 0, 0, 0, 0, 0, 2, 45
"Total", "-", 7027, 4, 13056, 4357, 43, 516, 18, 37, 155, 9, 1865, 3132, 30219